template_id,category,tier,difficulty,feasible,split,paraphrases,instances,cities,gold,requires
agg_avg_height,aggregate,1,1,True,dev,3,17,Hamburg Helsinki Zurich Tokyo,public,measured_height
agg_count_buildings,aggregate,1,1,True,dev,3,21,Hamburg Helsinki Zurich New York Tokyo,public,
agg_dataset_extent,aggregate,1,2,True,dev,3,15,Hamburg Helsinki Zurich New York Tokyo,public,
agg_helsinki_avg_floor_area,aggregate,1,3,True,dev,3,3,Helsinki,public,kerrosala
agg_helsinki_avg_storeys,aggregate,1,3,True,test,3,3,Helsinki,withheld,kerroksia
agg_helsinki_avg_volume,aggregate,1,3,True,dev,3,3,Helsinki,public,tilavuus
agg_helsinki_avg_year_built,aggregate,1,3,True,dev,3,3,Helsinki,public,valmistunut
agg_max_storeys,aggregate,1,1,True,test,3,9,Hamburg Helsinki Tokyo,withheld,storeys_above_ground
agg_median_height,aggregate,1,2,True,dev,3,12,Hamburg Helsinki Zurich Tokyo,public,measured_height
tokyo_jp_numeric_attr,aggregate,1,4,True,test,3,4,Tokyo,withheld,延べ面積換算係数
filter_by_function,filter_topk,1,2,True,dev,3,12,Hamburg Helsinki,public,BuildingFunction HAS_FUNCTION
filter_compound,filter_topk,1,3,True,dev,3,24,Hamburg Helsinki,public,HAS_ROOF_TYPE RoofType measured_height
filter_has_basement,filter_topk,1,2,True,dev,3,3,Tokyo,public,storeys_below_ground
filter_missing_height,filter_topk,1,2,True,test,3,12,Hamburg Helsinki Zurich Tokyo,withheld,measured_height
filter_redevelopment_district,filter_topk,1,2,True,dev,3,3,Tokyo,public,再開発等促進区を定める地区計画
filter_taller_than,filter_topk,1,2,True,dev,3,34,Hamburg Helsinki Zurich Tokyo,public,measured_height
topk_most_storeys,filter_topk,1,2,True,test,3,18,Hamburg Helsinki Tokyo,withheld,storeys_above_ground
topk_tallest,filter_topk,1,2,True,dev,3,34,Hamburg Helsinki Zurich Tokyo,public,measured_height
multihop_boundary_census,multihop,1,3,True,dev,3,42,Hamburg Helsinki Zurich New York Tokyo,public,
multihop_building_parts,multihop,1,3,True,dev,3,3,Zurich,public,HAS_BUILDING_PART BuildingPart
multihop_district_counts,multihop,1,2,True,test,3,21,Hamburg Helsinki Zurich New York Tokyo,withheld,
multihop_district_top_function,multihop,1,4,True,dev,3,6,Hamburg Helsinki,public,BuildingFunction HAS_FUNCTION
multihop_function_avg_height,multihop,1,3,True,dev,3,6,Hamburg Helsinki,public,BuildingFunction HAS_FUNCTION measured_height
multihop_helsinki_building_status,multihop,1,2,True,test,3,3,Helsinki,withheld,rakennuksen_tila
multihop_helsinki_material_distribution,multihop,1,2,True,test,3,3,Helsinki,withheld,rakennusaine
multihop_jp_town_code_top,multihop,1,3,True,dev,3,3,Tokyo,public,町_丁目コード
multihop_rooftype_distribution,multihop,1,2,True,dev,3,6,Hamburg Helsinki,public,HAS_ROOF_TYPE RoofType
tokyo_jp_key_distribution,multihop,1,4,True,dev,3,4,Tokyo,public,地区計画
tokyo_jp_key_lookup,multihop,1,4,True,dev,3,8,Tokyo,public,地区計画
spatial_bbox_agg,spatial,1,3,True,dev,3,24,Hamburg Helsinki Zurich Tokyo,public,measured_height
spatial_bbox_by_rooftype,spatial,1,4,True,dev,3,12,Hamburg Helsinki,public,HAS_ROOF_TYPE RoofType
spatial_bbox_count,spatial,1,3,True,test,3,42,Hamburg Helsinki Zurich New York Tokyo,withheld,
spatial_bbox_tallest,spatial,1,4,True,test,3,24,Hamburg Helsinki Zurich Tokyo,withheld,measured_height
spatial_dense_pairs,spatial,1,4,True,dev,3,30,Hamburg Helsinki Zurich New York Tokyo,public,
spatial_isolated,spatial,1,3,True,test,3,30,Hamburg Helsinki Zurich New York Tokyo,withheld,
spatial_knearest,spatial,1,3,True,dev,3,60,Hamburg Helsinki Zurich New York Tokyo,public,
spatial_near_amenity_tallest,spatial,1,5,True,dev,3,48,Hamburg Helsinki Zurich Tokyo,public,measured_height
spatial_near_water,spatial,1,5,True,dev,3,60,Hamburg Helsinki Zurich New York Tokyo,public,
spatial_neighbours,spatial,1,3,True,dev,3,42,Hamburg Helsinki Zurich New York Tokyo,public,
spatial_roof_complexity,spatial,1,3,True,test,3,30,Hamburg Helsinki Zurich New York Tokyo,withheld,
spatial_within_distance_point,spatial,1,3,True,dev,3,60,Hamburg Helsinki Zurich New York Tokyo,public,
xsrc_addr_coverage,cross_source,1,2,True,dev,3,12,Hamburg Helsinki Zurich New York,public,addr_street
xsrc_agreement_rate,cross_source,1,4,True,dev,3,12,Hamburg Helsinki Zurich Tokyo,public,measured_height
xsrc_buildings_by_street,cross_source,1,2,True,dev,3,24,Hamburg Helsinki Zurich New York,public,addr_street
xsrc_dual_roof_reporting,cross_source,1,3,True,dev,3,6,Hamburg Helsinki,public,roof_type_code
xsrc_height_disagreement,cross_source,1,4,True,dev,3,24,Hamburg Helsinki Zurich Tokyo,public,measured_height
xsrc_levels_vs_storeys,cross_source,1,4,True,test,3,9,Hamburg Helsinki Tokyo,withheld,storeys_above_ground
xsrc_mean_abs_deviation,cross_source,1,4,True,test,3,12,Hamburg Helsinki Zurich Tokyo,withheld,measured_height
xsrc_name_lookup,cross_source,1,2,True,dev,3,42,Hamburg Helsinki Zurich New York Tokyo,public,
xsrc_net_new_by_kind,cross_source,1,3,True,dev,3,15,Hamburg Helsinki Zurich New York Tokyo,public,
xsrc_osm_only_height_stats,cross_source,1,4,True,dev,3,15,Hamburg Helsinki Zurich New York Tokyo,public,
xsrc_pois_in_building,cross_source,1,3,True,test,3,30,Hamburg Helsinki Zurich New York Tokyo,withheld,
xsrc_reverse_gap,cross_source,1,3,True,test,3,15,Hamburg Helsinki Zurich New York Tokyo,withheld,
xsrc_unenriched_gap,cross_source,1,3,True,dev,3,21,Hamburg Helsinki Zurich New York Tokyo,public,
prov_helsinki_integration_method,provenance,1,3,True,dev,3,3,Helsinki,public,matching_mode
prov_high_confidence,provenance,1,3,True,dev,3,30,Hamburg Helsinki Zurich New York Tokyo,public,
prov_lod3_confidence,provenance,2,3,True,dev,3,6,Hamburg,public,lod3_confidence lod3_method lod3_source
prov_lod3_high_confidence_count,provenance,2,3,True,dev,3,6,Hamburg,public,lod3_confidence
prov_match_cases,provenance,1,3,True,dev,3,15,Hamburg Helsinki Zurich New York Tokyo,public,
prov_multi_matched,provenance,1,3,True,test,3,15,Hamburg Helsinki Zurich New York Tokyo,withheld,
prov_only_authoritative,provenance,1,3,True,test,3,12,Hamburg Helsinki Zurich Tokyo,withheld,measured_height
prov_secondary_edges,provenance,1,2,True,test,3,15,Hamburg Helsinki Zurich New York Tokyo,withheld,
prov_source_qualified_value,provenance,1,4,True,dev,3,24,Hamburg Helsinki Zurich Tokyo,public,measured_height
prov_weakest_matches,provenance,1,3,True,dev,3,30,Hamburg Helsinki Zurich New York Tokyo,public,
prov_zurich_data_vintage,provenance,1,3,True,dev,3,3,Zurich,public,herkunft_jahr
prov_zurich_revised_count,provenance,1,2,True,test,3,3,Zurich,withheld,grund_aenderung
cov_by_district,coverage,2,4,True,dev,3,3,Hamburg,public,predictedroofmaterial
cov_material_avg_height,coverage,2,4,True,dev,3,6,Hamburg,public,measured_height predictedroofmaterial
cov_material_distribution,coverage,2,3,True,test,3,3,Hamburg,withheld,predictedroofmaterial
cov_multi_material_count,coverage,2,3,True,dev,3,3,Hamburg,public,predicted_roof_material_count
cov_share,coverage,2,3,True,test,3,3,Hamburg,withheld,predictedroofmaterial
cov_trap_citywide,coverage,2,4,True,dev,3,6,Hamburg,public,predictedroofmaterial
lod3_door_count,lod3,2,3,True,dev,3,6,Hamburg,public,HAS_LOD3_FACADE
lod3_openings_per_wall,lod3,2,5,True,test,3,6,Hamburg,withheld,HAS_LOD3_FACADE
lod3_room_count,lod3,2,3,True,dev,3,3,Tokyo,public,HAS_INTERIOR_ROOM Room
lod3_window_count,lod3,2,3,True,dev,3,6,Hamburg,public,HAS_LOD3_FACADE
inf_energy_class,infeasible,1,3,False,dev,3,15,Hamburg Helsinki Zurich New York Tokyo,refusal (guard query),
inf_false_premise,infeasible,1,3,False,dev,3,15,Hamburg Helsinki Zurich New York Tokyo,refusal (guard query),
inf_interior_lod,infeasible,1,4,False,test,3,24,Hamburg Helsinki Zurich New York,refusal (guard withheld),
inf_layer_absent_city,infeasible,1,4,False,test,3,24,Helsinki Zurich New York Tokyo,refusal (guard withheld),
inf_owner,infeasible,1,3,False,dev,3,30,Hamburg Helsinki Zurich New York Tokyo,refusal (guard query),
inf_renovation_year,infeasible,1,3,False,dev,3,15,Hamburg Helsinki Zurich New York Tokyo,refusal (guard query),
inf_residents,infeasible,1,3,False,dev,3,15,Hamburg Helsinki Zurich New York Tokyo,refusal (guard query),
inf_temporal,infeasible,1,3,False,dev,3,15,Hamburg Helsinki Zurich New York Tokyo,refusal (guard query),
