task,city,method,seed,metric,value,per_class_f1,runtime_s,peak_vram_gb,epochs,code,MAE,RMSE
roof,hamburg,lgbm,0,macro_f1,0.5573131448855589,"{'Flat': 0.8141, 'Gable-family': 0.8083, 'Other': 0.0495}",34.42,0.0,150,b729a07cf7e8,,
roof,hamburg,lgbm_1hop,0,macro_f1,0.5874597959052311,"{'Flat': 0.8361, 'Gable-family': 0.823, 'Other': 0.1033}",39.88,0.0,150,b729a07cf7e8,,
roof,hamburg,simplehgn,0,macro_f1,0.5481670653607764,"{'Flat': 0.8247, 'Gable-family': 0.8195, 'Other': 0.0003}",449.34,16.3,150,b729a07cf7e8,,
roof,hamburg,probe,0,macro_f1,0.5042876738626325,"{'Flat': 0.7567, 'Gable-family': 0.7452, 'Other': 0.011}",9.88,0.02,150,b729a07cf7e8,,
roof,hamburg,gnn,0,macro_f1,0.5557807043838693,"{'Flat': 0.8295, 'Gable-family': 0.8245, 'Other': 0.0133}",53.4,1.29,150,b729a07cf7e8,,
roof,hamburg,gnn_aware,0,macro_f1,0.5569400770285221,"{'Flat': 0.8307, 'Gable-family': 0.8266, 'Other': 0.0135}",43.81,1.3,150,b729a07cf7e8,,
function,hamburg,lgbm,0,macro_f1,0.42115904434449025,"{'Detached House': 0.871, 'Parking Building': 0.6778, '31001_1310': 0.5358, 'Residential Building with Trade and Services': 0.1138, '31001_1313': 0.0973, 'Canopy / Shelter': 0.8717, 'Trade and Services Building': 0.0909, 'Mixed-Use Building with Residential': 0.002, 'Other': 0.53}",108.91,0.02,150,b729a07cf7e8,,
function,hamburg,lgbm_1hop,0,macro_f1,0.4603180274766027,"{'Detached House': 0.8605, 'Parking Building': 0.7084, '31001_1310': 0.6117, 'Residential Building with Trade and Services': 0.3148, '31001_1313': 0.0863, 'Canopy / Shelter': 0.8814, 'Trade and Services Building': 0.1627, 'Mixed-Use Building with Residential': 0.0176, 'Other': 0.4994}",124.7,0.02,150,b729a07cf7e8,,
function,hamburg,simplehgn,0,macro_f1,0.44081627060919715,"{'Detached House': 0.8774, 'Parking Building': 0.6993, '31001_1310': 0.6544, 'Residential Building with Trade and Services': 0.417, '31001_1313': 0.0143, 'Canopy / Shelter': 0.7981, 'Trade and Services Building': 0.0, 'Mixed-Use Building with Residential': 0.0, 'Other': 0.5067}",450.25,16.3,150,b729a07cf7e8,,
function,hamburg,probe,0,macro_f1,0.32909283018792695,"{'Detached House': 0.847, 'Parking Building': 0.5978, '31001_1310': 0.3012, 'Residential Building with Trade and Services': 0.0219, '31001_1313': 0.006, 'Canopy / Shelter': 0.777, 'Trade and Services Building': 0.0124, 'Mixed-Use Building with Residential': 0.0, 'Other': 0.3986}",38.36,0.02,150,b729a07cf7e8,,
function,hamburg,gnn,0,macro_f1,0.46519951607080023,"{'Detached House': 0.8829, 'Parking Building': 0.7162, '31001_1310': 0.656, 'Residential Building with Trade and Services': 0.4443, '31001_1313': 0.0559, 'Canopy / Shelter': 0.8325, 'Trade and Services Building': 0.0646, 'Mixed-Use Building with Residential': 0.0, 'Other': 0.5343}",52.45,1.3,150,b729a07cf7e8,,
function,hamburg,gnn_aware,0,macro_f1,0.47746143916336364,"{'Detached House': 0.8872, 'Parking Building': 0.7248, '31001_1310': 0.6808, 'Residential Building with Trade and Services': 0.453, '31001_1313': 0.0626, 'Canopy / Shelter': 0.8412, 'Trade and Services Building': 0.0793, 'Mixed-Use Building with Residential': 0.0, 'Other': 0.5682}",51.87,1.31,150,b729a07cf7e8,,
height,hamburg,lgbm,0,R2,0.7003677339850904,,11.24,0.02,150,b729a07cf7e8,1.8850312501961461,2.796189382110117
height,hamburg,lgbm_1hop,0,R2,0.7198103011720846,,11.92,0.02,150,b729a07cf7e8,1.7844500905990281,2.703948247309981
height,hamburg,simplehgn,0,R2,0.6290236233442321,,382.13,16.3,150,b729a07cf7e8,2.168040307099309,3.1113252996795415
height,hamburg,probe,0,R2,0.6661955789670857,,3.86,0.02,150,b729a07cf7e8,2.2245888121135726,2.951333823556336
height,hamburg,gnn,0,R2,0.7278970793363331,,39.51,1.28,150,b729a07cf7e8,1.8126447949479578,2.6646421572674015
height,hamburg,gnn_aware,0,R2,0.7322703056168599,,39.78,1.29,150,b729a07cf7e8,1.756555386288485,2.643142415321229
roof,hamburg,lgbm,1,macro_f1,0.5576335610578457,"{'Flat': 0.8137, 'Gable-family': 0.808, 'Other': 0.0512}",32.5,0.02,150,b729a07cf7e8,,
roof,hamburg,lgbm_1hop,1,macro_f1,0.5842595529496506,"{'Flat': 0.8364, 'Gable-family': 0.8244, 'Other': 0.0921}",37.66,0.02,150,b729a07cf7e8,,
roof,hamburg,simplehgn,1,macro_f1,0.5466259445729031,"{'Flat': 0.8209, 'Gable-family': 0.8183, 'Other': 0.0007}",389.83,16.3,150,b729a07cf7e8,,
roof,hamburg,probe,1,macro_f1,0.5043278497597319,"{'Flat': 0.7568, 'Gable-family': 0.7452, 'Other': 0.011}",10.01,0.02,150,b729a07cf7e8,,
roof,hamburg,gnn,1,macro_f1,0.5566060519264758,"{'Flat': 0.8268, 'Gable-family': 0.8228, 'Other': 0.0202}",42.5,1.29,150,b729a07cf7e8,,
roof,hamburg,gnn_aware,1,macro_f1,0.5584173133132577,"{'Flat': 0.8305, 'Gable-family': 0.8259, 'Other': 0.0188}",43.73,1.3,150,b729a07cf7e8,,
function,hamburg,lgbm,1,macro_f1,0.42117012102301477,"{'Detached House': 0.8711, 'Parking Building': 0.6771, '31001_1310': 0.5369, 'Residential Building with Trade and Services': 0.115, '31001_1313': 0.0934, 'Canopy / Shelter': 0.8747, 'Trade and Services Building': 0.0906, 'Mixed-Use Building with Residential': 0.0012, 'Other': 0.5305}",107.54,0.02,150,b729a07cf7e8,,
function,hamburg,lgbm_1hop,1,macro_f1,0.45828647186728877,"{'Detached House': 0.8573, 'Parking Building': 0.7046, '31001_1310': 0.6058, 'Residential Building with Trade and Services': 0.3218, '31001_1313': 0.1097, 'Canopy / Shelter': 0.8808, 'Trade and Services Building': 0.1442, 'Mixed-Use Building with Residential': 0.0127, 'Other': 0.4875}",124.2,0.02,150,b729a07cf7e8,,
function,hamburg,simplehgn,1,macro_f1,0.4395584670536768,"{'Detached House': 0.8788, 'Parking Building': 0.6824, '31001_1310': 0.6425, 'Residential Building with Trade and Services': 0.4285, '31001_1313': 0.0014, 'Canopy / Shelter': 0.8051, 'Trade and Services Building': 0.0, 'Mixed-Use Building with Residential': 0.0, 'Other': 0.5174}",391.61,16.3,150,b729a07cf7e8,,
function,hamburg,probe,1,macro_f1,0.329336080565984,"{'Detached House': 0.847, 'Parking Building': 0.5976, '31001_1310': 0.3002, 'Residential Building with Trade and Services': 0.0222, '31001_1313': 0.0064, 'Canopy / Shelter': 0.7781, 'Trade and Services Building': 0.0132, 'Mixed-Use Building with Residential': 0.0, 'Other': 0.3994}",42.83,0.02,150,b729a07cf7e8,,
function,hamburg,gnn,1,macro_f1,0.4647058235831094,"{'Detached House': 0.8827, 'Parking Building': 0.7155, '31001_1310': 0.6518, 'Residential Building with Trade and Services': 0.4485, '31001_1313': 0.0493, 'Canopy / Shelter': 0.8198, 'Trade and Services Building': 0.0815, 'Mixed-Use Building with Residential': 0.0, 'Other': 0.5333}",43.47,1.3,150,b729a07cf7e8,,
function,hamburg,gnn_aware,1,macro_f1,0.4736674668364733,"{'Detached House': 0.8883, 'Parking Building': 0.7215, '31001_1310': 0.6801, 'Residential Building with Trade and Services': 0.4526, '31001_1313': 0.0578, 'Canopy / Shelter': 0.827, 'Trade and Services Building': 0.0727, 'Mixed-Use Building with Residential': 0.0, 'Other': 0.5629}",43.14,1.32,150,b729a07cf7e8,,
height,hamburg,lgbm,1,R2,0.6999988873992028,,10.38,0.02,150,b729a07cf7e8,1.8857423519743288,2.7979099039252255
height,hamburg,lgbm_1hop,1,R2,0.7301206912600364,,11.7,0.02,150,b729a07cf7e8,1.7376038089061725,2.653732159052955
height,hamburg,simplehgn,1,R2,0.6695222290388223,,381.61,16.3,150,b729a07cf7e8,1.9612091975056085,2.9365907011410974
height,hamburg,probe,1,R2,0.666234081213722,,3.33,0.02,150,b729a07cf7e8,2.2244290899909904,2.9511636097237415
height,hamburg,gnn,1,R2,0.7308837151554959,,39.08,1.28,150,b729a07cf7e8,1.753672701469612,2.649978084134876
height,hamburg,gnn_aware,1,R2,0.7304137467813628,,39.12,1.3,150,b729a07cf7e8,1.766474548298608,2.6522909553929415
roof,hamburg,lgbm,2,macro_f1,0.55762509642523,"{'Flat': 0.8142, 'Gable-family': 0.8083, 'Other': 0.0504}",33.28,0.02,150,b729a07cf7e8,,
roof,hamburg,lgbm_1hop,2,macro_f1,0.5846991151934583,"{'Flat': 0.8364, 'Gable-family': 0.8235, 'Other': 0.0942}",37.98,0.02,150,b729a07cf7e8,,
roof,hamburg,simplehgn,2,macro_f1,0.5465656137555346,"{'Flat': 0.8205, 'Gable-family': 0.8158, 'Other': 0.0034}",390.13,16.3,150,b729a07cf7e8,,
roof,hamburg,probe,2,macro_f1,0.5042881522356147,"{'Flat': 0.7567, 'Gable-family': 0.7452, 'Other': 0.011}",10.04,0.02,150,b729a07cf7e8,,
roof,hamburg,gnn,2,macro_f1,0.5561038985390008,"{'Flat': 0.8274, 'Gable-family': 0.8237, 'Other': 0.0172}",43.25,1.29,150,b729a07cf7e8,,
roof,hamburg,gnn_aware,2,macro_f1,0.5604753073388075,"{'Flat': 0.8334, 'Gable-family': 0.8277, 'Other': 0.0204}",42.81,1.31,150,b729a07cf7e8,,
function,hamburg,lgbm,2,macro_f1,0.4205948612210314,"{'Detached House': 0.871, 'Parking Building': 0.6772, '31001_1310': 0.538, 'Residential Building with Trade and Services': 0.1107, '31001_1313': 0.0949, 'Canopy / Shelter': 0.876, 'Trade and Services Building': 0.0854, 'Mixed-Use Building with Residential': 0.0017, 'Other': 0.5304}",107.67,0.02,150,b729a07cf7e8,,
function,hamburg,lgbm_1hop,2,macro_f1,0.4561428841562248,"{'Detached House': 0.8638, 'Parking Building': 0.7046, '31001_1310': 0.6119, 'Residential Building with Trade and Services': 0.2989, '31001_1313': 0.0976, 'Canopy / Shelter': 0.8816, 'Trade and Services Building': 0.1405, 'Mixed-Use Building with Residential': 0.0135, 'Other': 0.4928}",124.79,0.02,150,b729a07cf7e8,,
function,hamburg,simplehgn,2,macro_f1,0.4385224389584418,"{'Detached House': 0.8781, 'Parking Building': 0.6823, '31001_1310': 0.6259, 'Residential Building with Trade and Services': 0.4336, '31001_1313': 0.004, 'Canopy / Shelter': 0.8009, 'Trade and Services Building': 0.0, 'Mixed-Use Building with Residential': 0.0, 'Other': 0.5219}",390.89,16.3,150,b729a07cf7e8,,
function,hamburg,probe,2,macro_f1,0.3300562350941131,"{'Detached House': 0.847, 'Parking Building': 0.5977, '31001_1310': 0.3016, 'Residential Building with Trade and Services': 0.022, '31001_1313': 0.006, 'Canopy / Shelter': 0.7815, 'Trade and Services Building': 0.0129, 'Mixed-Use Building with Residential': 0.0, 'Other': 0.4017}",35.64,0.02,150,b729a07cf7e8,,
function,hamburg,gnn,2,macro_f1,0.46282076875206113,"{'Detached House': 0.883, 'Parking Building': 0.7107, '31001_1310': 0.6533, 'Residential Building with Trade and Services': 0.4513, '31001_1313': 0.0491, 'Canopy / Shelter': 0.8266, 'Trade and Services Building': 0.0575, 'Mixed-Use Building with Residential': 0.0, 'Other': 0.5339}",42.97,1.3,150,b729a07cf7e8,,
function,hamburg,gnn_aware,2,macro_f1,0.47748417188347425,"{'Detached House': 0.887, 'Parking Building': 0.7231, '31001_1310': 0.676, 'Residential Building with Trade and Services': 0.4489, '31001_1313': 0.0533, 'Canopy / Shelter': 0.8569, 'Trade and Services Building': 0.08, 'Mixed-Use Building with Residential': 0.0, 'Other': 0.572}",43.17,1.32,150,b729a07cf7e8,,
height,hamburg,lgbm,2,R2,0.69978796983137,,10.41,0.02,150,b729a07cf7e8,1.8858408829657936,2.7988932747200357
height,hamburg,lgbm_1hop,2,R2,0.7326890931983114,,11.61,0.02,150,b729a07cf7e8,1.7374235028032312,2.6410743809458768
height,hamburg,simplehgn,2,R2,0.676051228175164,,381.49,16.3,150,b729a07cf7e8,1.9160317943188052,2.907437996202854
height,hamburg,probe,2,R2,0.666187924917554,,3.49,0.02,150,b729a07cf7e8,2.22462178377023,2.9513676600251704
height,hamburg,gnn,2,R2,0.7318983389981999,,39.15,1.28,150,b729a07cf7e8,1.7518375939812179,2.644977885049158
height,hamburg,gnn_aware,2,R2,0.7335291215133692,,39.3,1.3,150,b729a07cf7e8,1.7579570595256395,2.6369213087603507
