task,city,kind,protocol,seed,AUC,AP,Hits@1,n_pos,n_test,runtime_s,peak_vram_gb
T3_matching,helsinki,spatial,n/a,0,0.955021461041117,0.9144723856818093,0.9656019656019657,2712,814,0.01,0.0
T3_matching,helsinki,attrsim,n/a,0,0.5698347107438017,0.19783239404888708,0.09705159705159705,2712,814,0.01,0.0
T3_matching,helsinki,attr,disjoint,0,0.5735440600305465,0.20800009077690398,0.18427518427518427,2712,814,1.11,0.02
T3_matching,helsinki,attr,legacy,0,0.5871692554739238,0.21274532351604486,0.1928746928746929,2712,814,0.29,0.03
T3_matching,helsinki,sage,disjoint,0,0.7896532728842311,0.36706385355969406,0.40663390663390664,2712,814,0.94,0.04
T3_matching,helsinki,sage,legacy,0,0.29142584621700107,0.11770624588823153,0.06142506142506143,2712,814,0.81,0.04
T3_matching,helsinki,aware,disjoint,0,0.8389954059487229,0.4402158433927868,0.44471744471744473,2712,814,0.85,0.04
T3_matching,helsinki,aware,legacy,0,0.3936389594866253,0.1617514684572966,0.10687960687960688,2712,814,0.79,0.04
T3_matching,helsinki,spatial,n/a,1,0.9503801713261172,0.9090944630594879,0.9594594594594594,2712,814,0.01,0.02
T3_matching,helsinki,attrsim,n/a,1,0.5605451889235673,0.1920846447218409,0.09090909090909091,2712,814,0.01,0.02
T3_matching,helsinki,attr,disjoint,1,0.5604009079439054,0.19505540922204473,0.16584766584766586,2712,814,0.31,0.02
T3_matching,helsinki,attr,legacy,1,0.567454678265489,0.19802816320777616,0.17813267813267813,2712,814,0.29,0.03
T3_matching,helsinki,sage,disjoint,1,0.7925625871571818,0.3790236180430084,0.43366093366093367,2712,814,0.82,0.04
T3_matching,helsinki,sage,legacy,1,0.3087504301263515,0.11942654669549493,0.060196560196560195,2712,814,0.82,0.04
T3_matching,helsinki,aware,disjoint,1,0.8221030612922505,0.40389593133104884,0.48157248157248156,2712,814,0.84,0.04
T3_matching,helsinki,aware,legacy,1,0.41196505864810534,0.14404307251155418,0.11547911547911548,2712,814,0.78,0.04
T3_matching,helsinki,spatial,n/a,2,0.9509926108820458,0.9084813758672612,0.9606879606879607,2712,814,0.01,0.02
T3_matching,helsinki,attrsim,n/a,2,0.5577910219802111,0.1889513363744815,0.07985257985257985,2712,814,0.01,0.02
T3_matching,helsinki,attr,disjoint,2,0.5612130166798471,0.19765609270644036,0.1547911547911548,2712,814,0.31,0.02
T3_matching,helsinki,attr,legacy,2,0.566360497195878,0.19989148420253988,0.16461916461916462,2712,814,0.29,0.03
T3_matching,helsinki,sage,disjoint,2,0.7836358806874778,0.36786223436514603,0.45085995085995084,2712,814,0.84,0.04
T3_matching,helsinki,sage,legacy,2,0.3166249117109068,0.12587593291817453,0.07248157248157248,2712,814,0.82,0.04
T3_matching,helsinki,aware,disjoint,2,0.8298402042873787,0.4382645621132399,0.4926289926289926,2712,814,0.82,0.04
T3_matching,helsinki,aware,legacy,2,0.3615829253421391,0.14236961385167066,0.10319410319410319,2712,814,0.78,0.04
T3_matching,zurich,spatial,n/a,0,0.9741472501173676,0.9546098379117327,0.9770659396830806,97818,29345,0.36,0.02
T3_matching,zurich,attrsim,n/a,0,0.49372434183135333,0.16361012007918913,0.012506389504174476,97818,29345,0.35,0.02
T3_matching,zurich,attr,disjoint,0,0.5339368736293613,0.18837044026213617,0.10403816663826887,97818,29345,2.0,0.47
T3_matching,zurich,attr,legacy,0,0.5351496067618903,0.18871301906462107,0.1048560231726018,97818,29345,2.78,0.59
T3_matching,zurich,sage,disjoint,0,0.8066267959090102,0.38055782418301665,0.4049412165615948,97818,29345,7.57,1.28
T3_matching,zurich,sage,legacy,0,0.25290864861975826,0.10687696077154919,0.04167660589538252,97818,29345,8.89,1.36
T3_matching,zurich,aware,disjoint,0,0.8429944863372825,0.4128736467512272,0.45622763673538935,97818,29345,7.53,1.29
T3_matching,zurich,aware,legacy,0,0.3038637360992448,0.12321066289840935,0.07854830465155904,97818,29345,8.56,1.37
T3_matching,zurich,spatial,n/a,1,0.9735542017063007,0.9544022752455287,0.9771000170386778,97818,29345,0.35,0.02
T3_matching,zurich,attrsim,n/a,1,0.49425312008267286,0.163990471585716,0.014073947861645937,97818,29345,0.24,0.02
T3_matching,zurich,attr,disjoint,1,0.5355586506911667,0.18985307541463275,0.10270914976997784,97818,29345,2.12,0.47
T3_matching,zurich,attr,legacy,1,0.5370696600314918,0.19044310696838126,0.10311807803714432,97818,29345,3.22,0.59
T3_matching,zurich,sage,disjoint,1,0.8051600769118195,0.38175487177492073,0.4095757369228148,97818,29345,7.66,1.28
T3_matching,zurich,sage,legacy,1,0.2940649596615327,0.11192391836394563,0.031828250127790086,97818,29345,8.58,1.36
T3_matching,zurich,aware,disjoint,1,0.8437653198369433,0.4188185755075924,0.46188447776452546,97818,29345,7.47,1.29
T3_matching,zurich,aware,legacy,1,0.34916245669457024,0.1504668164048116,0.08066110069858579,97818,29345,8.5,1.37
T3_matching,zurich,spatial,n/a,2,0.9733460648362189,0.953692049212433,0.9765888567047197,97818,29345,0.34,0.02
T3_matching,zurich,attrsim,n/a,2,0.4930828803500149,0.16352775861032498,0.012370080081785653,97818,29345,0.33,0.02
T3_matching,zurich,attr,disjoint,2,0.5352188349475271,0.18923194636138246,0.1035951610155052,97818,29345,2.02,0.47
T3_matching,zurich,attr,legacy,2,0.5338163636976468,0.18877199791251764,0.10397001192707446,97818,29345,3.21,0.59
T3_matching,zurich,sage,disjoint,2,0.806603777755604,0.3831348623237737,0.4113477594138695,97818,29345,7.63,1.28
T3_matching,zurich,sage,legacy,2,0.26158403776948524,0.10805337716180467,0.030260691770318624,97818,29345,8.7,1.36
T3_matching,zurich,aware,disjoint,2,0.8482652347016174,0.435640155559049,0.4655307548134265,97818,29345,6.99,1.29
T3_matching,zurich,aware,legacy,2,0.3239005348820985,0.14254524443730487,0.08519338899301414,97818,29345,8.53,1.37
T3_matching,hamburg,spatial,n/a,0,0.9667980746181111,0.9305266092473273,0.986307755587039,364684,109405,1.13,0.02
T3_matching,hamburg,attrsim,n/a,0,0.539168350228907,0.18083035382382867,0.03474247063662538,364684,109405,0.99,0.02
T3_matching,hamburg,attr,disjoint,0,0.5525640790537227,0.19037121727221992,0.12737991865088433,364684,109405,3.67,0.66
T3_matching,hamburg,attr,legacy,0,0.5526393236135931,0.19055069483833684,0.12760842740276954,364684,109405,6.54,1.63
T3_matching,hamburg,sage,disjoint,0,0.8279433925642234,0.40325795593360947,0.45706320552077145,364684,109405,10.34,1.63
T3_matching,hamburg,sage,legacy,0,0.21200553534019695,0.10293020432505925,0.03921210182349984,364684,109405,13.13,2.6
T3_matching,hamburg,aware,disjoint,0,0.8673435000975326,0.4554109123387736,0.5167862529134866,364684,109405,10.06,1.64
T3_matching,hamburg,aware,legacy,0,0.2331195172705465,0.11663473702324992,0.06505187148667795,364684,109405,12.79,2.61
T3_matching,hamburg,spatial,n/a,1,0.9669189826308724,0.9306042675690355,0.9869201590420913,364684,109405,1.02,0.02
T3_matching,hamburg,attrsim,n/a,1,0.5384690990280987,0.18031009756501548,0.03496183903843517,364684,109405,0.97,0.02
T3_matching,hamburg,attr,disjoint,1,0.5526789079253763,0.191559013812189,0.12682235729628444,364684,109405,3.44,0.66
T3_matching,hamburg,attr,legacy,1,0.5528245756054859,0.1914295081456247,0.12678579589598282,364684,109405,6.03,1.63
T3_matching,hamburg,sage,disjoint,1,0.8242021316339866,0.4001380364094489,0.44580229422786893,364684,109405,10.31,1.63
T3_matching,hamburg,sage,legacy,1,0.20405789761158302,0.10103271284019755,0.01917645445820575,364684,109405,10.6,2.6
T3_matching,hamburg,aware,disjoint,1,0.8684778745536808,0.4596677537885947,0.5146748320460673,364684,109405,10.53,1.64
T3_matching,hamburg,aware,legacy,1,0.3003266359678423,0.14722963101435899,0.07892692290114711,364684,109405,11.96,2.61
T3_matching,hamburg,spatial,n/a,2,0.9673488648618623,0.9311600638359641,0.9870207028929208,364684,109405,1.09,0.02
T3_matching,hamburg,attrsim,n/a,2,0.5401968295291564,0.18124859137088187,0.035930716146428406,364684,109405,1.97,0.02
T3_matching,hamburg,attr,disjoint,2,0.5528119708450945,0.1910708745016445,0.12905260271468397,364684,109405,4.67,0.66
T3_matching,hamburg,attr,legacy,2,0.5531355926153031,0.1910827313759701,0.1289703395640053,364684,109405,5.13,1.63
T3_matching,hamburg,sage,disjoint,2,0.825458935241618,0.40072972195389867,0.4513961884740186,364684,109405,9.9,1.63
T3_matching,hamburg,sage,legacy,2,0.2072264726794838,0.10139770672032229,0.03129655865819661,364684,109405,12.14,2.6
T3_matching,hamburg,aware,disjoint,2,0.8583340166595442,0.43641322770177116,0.4895662903889219,364684,109405,9.57,1.64
T3_matching,hamburg,aware,legacy,2,0.28029812159289363,0.12744595639727124,0.0730131164023582,364684,109405,12.01,2.61
T3_matching,nyc,spatial,n/a,0,0.9957657230218248,0.9940582409497507,0.9981740661497328,1073423,322027,3.38,0.02
T3_matching,nyc,attrsim,n/a,0,0.5,0.16666666666666666,0.0,1073423,322027,3.12,0.02
T3_matching,nyc,attr,disjoint,0,0.4992398295725238,0.16621707281890183,0.03945942420977123,1073423,322027,9.11,1.91
T3_matching,nyc,attr,legacy,0,0.499537678793046,0.16662045787571164,0.03958984805621889,1073423,322027,16.46,4.75
T3_matching,nyc,sage,disjoint,0,0.8440350236305271,0.39264149461218856,0.43036763998049854,1073423,322027,28.19,4.74
T3_matching,nyc,sage,legacy,0,0.19785679617675317,0.10138540037564865,0.0032730174799007537,1073423,322027,33.07,7.59
T3_matching,nyc,aware,disjoint,0,0.8480408759174776,0.4006231077316183,0.4345567297152102,1073423,322027,24.79,4.76
T3_matching,nyc,aware,legacy,0,0.1618888465454583,0.09885574726212298,0.004471674735348278,1073423,322027,31.96,7.61
T3_matching,nyc,spatial,n/a,1,0.9958829007419009,0.9942259983157962,0.99822375142457,1073423,322027,2.92,0.02
T3_matching,nyc,attrsim,n/a,1,0.5,0.16666666666666666,0.0,1073423,322027,3.09,0.02
T3_matching,nyc,attr,disjoint,1,0.5016146456470083,0.16815960094863397,0.039195471187198586,1073423,322027,8.33,1.91
T3_matching,nyc,attr,legacy,1,0.5016986173103267,0.1681805767479912,0.039220313824617194,1073423,322027,14.66,4.75
T3_matching,nyc,sage,disjoint,1,0.8438564334455066,0.39221019580688193,0.4313737667959519,1073423,322027,25.8,4.74
T3_matching,nyc,sage,legacy,1,0.17384456747644794,0.09965302456947306,0.0032047002269995992,1073423,322027,32.16,7.59
T3_matching,nyc,aware,disjoint,1,0.8477588515101051,0.4004790267459968,0.43501631850745437,1073423,322027,24.61,4.76
T3_matching,nyc,aware,legacy,1,0.19298356302824973,0.10179090099100963,0.006241712651423638,1073423,322027,31.48,7.61
T3_matching,nyc,spatial,n/a,2,0.9957747216255218,0.9940718563579044,0.9980778009297357,1073423,322027,2.94,0.02
T3_matching,nyc,attrsim,n/a,2,0.5,0.16666666666666666,0.0,1073423,322027,3.09,0.02
T3_matching,nyc,attr,disjoint,2,0.5015152052303815,0.16819865304939038,0.037978181953687115,1073423,322027,8.44,1.91
T3_matching,nyc,attr,legacy,2,0.5015160067027726,0.16821588227121353,0.03800923525046036,1073423,322027,14.52,4.75
T3_matching,nyc,sage,disjoint,2,0.844029884747562,0.3925151289514817,0.43204451800625415,1073423,322027,25.35,4.74
T3_matching,nyc,sage,legacy,2,0.164693158599176,0.09901598356242527,0.0024811584121828293,1073423,322027,32.59,7.59
T3_matching,nyc,aware,disjoint,2,0.8483567776329851,0.4012031782153514,0.4359137587842013,1073423,322027,24.74,4.76
T3_matching,nyc,aware,legacy,2,0.1592603256660289,0.09869344064127489,0.005688963968859754,1073423,322027,31.4,7.61
T3_matching,tokyo,spatial,n/a,0,0.9516393457157735,0.9276649503348706,0.9752928705389905,1349003,404701,4.73,0.02
T3_matching,tokyo,attrsim,n/a,0,0.5008282484599803,0.16766982391656537,0.0043142962335156075,1349003,404701,4.11,0.02
T3_matching,tokyo,attr,disjoint,0,0.5051319327547261,0.17120856471434892,0.05791436146686072,1349003,404701,12.29,3.17
T3_matching,tokyo,attr,legacy,0,0.5051473092348666,0.17123016322415804,0.058094741549934395,1349003,404701,20.68,6.43
T3_matching,tokyo,sage,disjoint,0,0.7896027026110297,0.3584015704992425,0.3764655881749736,1349003,404701,43.8,8.67
T3_matching,tokyo,sage,legacy,0,0.264588150096184,0.10925365474690862,0.0482281981018085,1349003,404701,53.19,11.93
T3_matching,tokyo,aware,disjoint,0,0.8374998131951649,0.4276574154830082,0.41995942683610865,1349003,404701,42.42,8.7
T3_matching,tokyo,aware,legacy,0,0.24920843955306599,0.11021223339122742,0.0696909570275339,1349003,404701,51.17,11.97
T3_matching,tokyo,spatial,n/a,1,0.9517947791559747,0.9277788535627174,0.9758513075085062,1349003,404701,4.63,0.02
T3_matching,tokyo,attrsim,n/a,1,0.5008290716973299,0.16764221119469372,0.004363715434357711,1349003,404701,4.08,0.02
T3_matching,tokyo,attr,disjoint,1,0.5050635991872967,0.17113790299826828,0.05691115168976602,1349003,404701,12.43,3.17
T3_matching,tokyo,attr,legacy,1,0.5051199910208384,0.1711653157573711,0.056896325929513394,1349003,404701,20.66,6.43
T3_matching,tokyo,sage,disjoint,1,0.7890323789939633,0.35885297079235334,0.37660396193733153,1349003,404701,44.1,8.67
T3_matching,tokyo,sage,legacy,1,0.26353267218773185,0.11181719647124919,0.05307869266446092,1349003,404701,53.11,11.93
T3_matching,tokyo,aware,disjoint,1,0.8378843294903967,0.4287161141395313,0.4204437350043612,1349003,404701,42.44,8.7
T3_matching,tokyo,aware,legacy,1,0.2600026756355004,0.13540680748925624,0.07697287627161781,1349003,404701,51.28,11.97
T3_matching,tokyo,spatial,n/a,2,0.9513480165008525,0.9272619763414239,0.9751742644569694,1349003,404701,4.6,0.02
T3_matching,tokyo,attrsim,n/a,2,0.5007501348892304,0.1676163259443258,0.004247580312378769,1349003,404701,4.25,0.02
T3_matching,tokyo,attr,disjoint,2,0.5053764691461715,0.17127575113420368,0.057736452343829146,1349003,404701,12.48,3.17
T3_matching,tokyo,attr,legacy,2,0.505361159089327,0.1712398552421674,0.0578575293858923,1349003,404701,20.73,6.43
T3_matching,tokyo,sage,disjoint,2,0.7893031635731972,0.3592535607503992,0.3752226952737947,1349003,404701,44.83,8.67
T3_matching,tokyo,sage,legacy,2,0.2736647006300728,0.11123061085112583,0.05034333989785051,1349003,404701,53.13,11.93
T3_matching,tokyo,aware,disjoint,2,0.8379080791890176,0.43004909000520536,0.41995448491602444,1349003,404701,42.36,8.7
T3_matching,tokyo,aware,legacy,2,0.2863404606354994,0.11855404773350478,0.0731379462862706,1349003,404701,51.06,11.97
